{"cameraMode":{"drawMode":0,"name":"Shaded","section":"Shading Mode"},"sceneLighting":true,"audioPlay":false,"sceneViewState":{"m_AlwaysRefresh":false,"showFog":true,"showSkybox":true,"showFlares":true,"showImageEffects":true,"showParticleSystems":true,"showVisualEffectGraphs":true,"m_FxEnabled":true},"in2DMode":false,"pivot":{"x":0.43999990820884707,"y":0.8318515419960022,"z":-0.03550000488758087},"rotation":{"x":-0.06057604402303696,"y":-0.0017952529015019537,"z":0.0001333580439677462,"w":-0.9982200860977173},"size":1.0376777648925782,"orthographic":false}